Sample ID,Max Probability
1,0.0606517530977726
2,0.09665260463953018
3,0.09323789179325104
4,0.08787437528371811
5,0.1274159550666809
6,0.06224595010280609
7,0.07597754895687103
8,0.06607446074485779
9,0.10954904556274414
10,0.08510790020227432
11,0.07039530575275421
12,0.09291882067918777
13,0.10069363564252853
14,0.1379375010728836
15,0.06689440459012985
16,0.0599190890789032
17,0.14619611203670502
18,0.10248147696256638
19,0.11589355021715164
20,0.11253523826599121
21,0.11889462172985077
