Sample ID,Max Probability
1,0.12340093404054642
2,0.10361769050359726
3,0.08078928291797638
4,0.18855221569538116
5,0.13964200019836426
6,0.10677190124988556
7,0.14121787250041962
8,0.14793139696121216
9,0.12218841165304184
10,0.12170068174600601
11,0.12200964242219925
12,0.17142625153064728
13,0.3728695213794708
14,0.1043146550655365
15,0.23656128346920013
16,0.13544198870658875
17,0.1381615549325943
18,0.12771768867969513
19,0.09886256605386734
20,0.10449644178152084
21,0.15430238842964172
