Sample ID,Max Probability
1,0.6648877859115601
2,0.8193565011024475
3,0.84677654504776
4,0.3164091408252716
5,0.9491066336631775
6,0.4907703399658203
7,0.28479519486427307
8,0.48145875334739685
9,0.6015490889549255
10,0.7801640629768372
11,0.38285982608795166
12,0.6063474416732788
13,0.5467081665992737
14,0.8219258189201355
15,0.46161630749702454
16,0.42508676648139954
17,0.6046793460845947
18,0.6582327485084534
19,0.2928432524204254
20,0.4417378902435303
21,0.72170090675354
