Sample ID,Max Probability
1,0.14195600152015686
2,0.16582800447940826
3,0.16325701773166656
4,0.08390553295612335
5,0.18147507309913635
6,0.20949657261371613
7,0.16247433423995972
8,0.10531700402498245
9,0.10489515960216522
10,0.2210615575313568
11,0.07710106670856476
12,0.13503336906433105
13,0.2112378031015396
14,0.20523864030838013
15,0.10420218855142593
16,0.10337966680526733
17,0.11740781366825104
18,0.1203422099351883
19,0.15448299050331116
20,0.1305626779794693
21,0.15173961222171783
