Sample ID,Max Probability
1,0.3934100270271301
2,0.26375529170036316
3,0.13937556743621826
4,0.26842597126960754
5,0.5690980553627014
6,0.45347926020622253
7,0.3824322521686554
8,0.47343382239341736
9,0.16813825070858002
10,0.482577383518219
11,0.5072338581085205
12,0.5363330841064453
13,0.29754629731178284
14,0.19674474000930786
15,0.32886725664138794
16,0.2521474063396454
17,0.4637957513332367
18,0.2580690383911133
19,0.7492302656173706
20,0.6664451956748962
21,0.2903386950492859
