Sample ID,Max Probability
1,0.5624894499778748
2,0.6775544881820679
3,0.18412666022777557
4,0.7864920496940613
5,0.734752357006073
6,0.6432386636734009
7,0.8020057678222656
8,0.9958969354629517
9,0.394438236951828
10,0.6753299832344055
11,0.48238319158554077
12,0.47478389739990234
13,0.9989935755729675
14,0.7184078693389893
15,0.9891887903213501
16,0.9999290704727173
17,0.8983636498451233
18,0.9975699782371521
19,0.9444035887718201
20,0.9934426546096802
21,0.8687601089477539
