Sample ID,Max Probability
1,0.3363924026489258
2,0.9758868217468262
3,0.9574205875396729
4,0.7215360999107361
5,0.9824090600013733
6,0.7588728666305542
7,0.5493988394737244
8,0.8858426809310913
9,0.6929304599761963
10,0.30804863572120667
11,0.7103498578071594
12,0.7616291642189026
13,0.9998263716697693
14,0.9726338386535645
15,0.9336217045783997
16,0.6859953999519348
17,0.5208466053009033
18,0.5607352256774902
19,0.6313278675079346
20,0.6577866077423096
21,0.689166247844696
