Sample ID,Max Probability
1,0.2790246307849884
2,0.8920186161994934
3,0.5047141909599304
4,0.7904847264289856
5,0.7141990661621094
6,0.40266406536102295
7,0.6429474353790283
8,0.48887899518013
9,0.7806183099746704
10,0.7253973484039307
11,0.7125570178031921
12,0.4113723039627075
13,0.9649249911308289
14,0.5168919563293457
15,0.8542986512184143
16,0.9676373600959778
17,0.6955877542495728
18,0.3073312044143677
19,0.8739574551582336
20,0.9488974213600159
21,0.7696372866630554
