Sample ID,Max Probability
1,0.0582667700946331
2,0.08303102105855942
3,0.07202864438295364
4,0.0750344768166542
5,0.13916851580142975
6,0.0584244579076767
7,0.10535594075918198
8,0.09900803864002228
9,0.08932124078273773
10,0.07584870606660843
11,0.0900280624628067
12,0.08602660894393921
13,0.3299279808998108
14,0.0931270644068718
15,0.2533997595310211
16,0.1430499255657196
17,0.16612917184829712
18,0.09178891777992249
19,0.26183387637138367
20,0.11961551010608673
21,0.07613212615251541
