Sample ID,Max Probability
1,0.4016270637512207
2,0.6137312054634094
3,0.6095738410949707
4,0.3905996084213257
5,0.6488400101661682
6,0.9060442447662354
7,0.32336974143981934
8,0.5278719663619995
9,0.7142351865768433
10,0.7645416855812073
11,0.7136276364326477
12,0.864020586013794
13,0.7278168201446533
14,0.7016274333000183
15,0.6331149935722351
16,0.35639631748199463
17,0.7541698217391968
18,0.7631796598434448
19,0.5280659794807434
20,0.4468201696872711
21,0.45576608180999756
