Sample ID,Max Probability
1,0.9902167320251465
2,0.9854475855827332
3,0.9816431403160095
4,0.9829318523406982
5,0.9825596809387207
6,0.9889227151870728
7,0.9872854351997375
8,0.9862136244773865
9,0.9898931384086609
10,0.983191192150116
11,0.9876846075057983
12,0.9806650876998901
13,0.9856629967689514
14,0.974135160446167
15,0.9879212379455566
16,0.9849995970726013
17,0.9864234328269958
18,0.9871785640716553
19,0.9880605340003967
20,0.9855818152427673
21,0.9868414402008057
