Sample ID,Max Probability
1,0.7846141457557678
2,0.46613144874572754
3,0.5083270072937012
4,0.383964478969574
5,0.37804296612739563
6,0.5177440643310547
7,0.4652124047279358
8,0.9780071377754211
9,0.8574329018592834
10,0.7983116507530212
11,0.6785869002342224
12,0.605567455291748
13,0.9999661445617676
14,0.5894314646720886
15,0.9210169911384583
16,0.7377122044563293
17,0.6925185322761536
18,0.8639653921127319
19,0.9905707836151123
20,0.3731560707092285
21,0.9993429780006409
