Sample ID,Max Probability
1,0.8262315392494202
2,0.3691161274909973
3,0.8822699785232544
4,0.31491154432296753
5,0.44375482201576233
6,0.6639349460601807
7,0.7063271999359131
8,0.6613581776618958
9,0.45312362909317017
10,0.3748207688331604
11,0.747787356376648
12,0.6836183071136475
13,0.5597615242004395
14,0.4505164325237274
15,0.5467529892921448
16,0.6468169689178467
17,0.4448028802871704
18,0.6402333974838257
19,0.175216943025589
20,0.6272295117378235
21,0.9434624910354614
